<beans:beans 
 xmlns:springsecurity="http://www.springframework.org/schema/security"
	xmlns:beans="http://www.springframework.org/schema/beans" 
	xmlns:xsi="http://www.w3.org/2001/XMLSchema-instance"
	xsi:schemaLocation="http://www.springframework.org/schema/beans
	http://www.springframework.org/schema/beans/spring-beans-3.0.xsd
	http://www.springframework.org/schema/security
	http://www.springframework.org/schema/security/spring-security-3.2.xsd">

 
	<springsecurity:http auto-config="true" use-expressions="true">
		<springsecurity:form-login 
		    login-page="/login" 
		    default-target-url="/loginProcess" 
			authentication-failure-url="/loginProcess?error" 
			username-parameter="username"
			password-parameter="password" />
		<springsecurity:logout logout-success-url="/loginProcess?logout"/>
	
	</springsecurity:http>
	
	<!-- Select users and user_roles from database -->
	<springsecurity:authentication-manager>
		<springsecurity:authentication-provider>
			<springsecurity:jdbc-user-service data-source-ref="dataSource"
				users-by-username-query=
					"select username,password, enabled from users where username=?"
				authorities-by-username-query=
					"select username, role from user_roles where username =?  " />
		</springsecurity:authentication-provider>
	</springsecurity:authentication-manager>

</beans:beans>